{
  "schema_version": "2",
  "failed_reloads_per_session": 5,
  "default_packs": [
    "deafult",
    "fabric",
    "file/Faithful 32x - 1.20.1.zip",
    "file/Dramatic Skys Demo 1.5.3.18.zip",
    "file/Triibu Pack - 0.6v.zip"
 ],
 "pack_overrides": {

  "mod_reosurse_packs": [
    "deafult",
    "fabric",
    "file/Faithful 32x - 1.20.1.zip",
    "file/Dramatic Skys Demo 1.5.3.18.zip",
    "file/Triibu Pack - 0.6v.zip"
  ],
  "$$mod_reosurse_packs": {
    "required": true,
    "fixed_position": true
  }
 }
}